{"cameraMode":{"drawMode":0,"name":"Shaded","section":"Shading Mode"},"sceneLighting":false,"audioPlay":false,"sceneViewState":{"m_AlwaysRefresh":false,"showFog":true,"showSkybox":false,"showFlares":true,"showImageEffects":true,"showParticleSystems":true,"showVisualEffectGraphs":true,"m_FxEnabled":true},"in2DMode":false,"pivot":{"x":32.09549331665039,"y":89.5785140991211,"z":10.886519432067871},"rotation":{"x":0.00509176030755043,"y":-0.051277123391628268,"z":0.0002598410937935114,"w":0.9986746907234192},"size":0.5398926734924316,"orthographic":true}