{"cameraMode":{"drawMode":0,"name":"Shaded","section":"Shading Mode"},"sceneLighting":false,"audioPlay":false,"sceneViewState":{"m_AlwaysRefresh":false,"showFog":true,"showSkybox":false,"showFlares":true,"showImageEffects":true,"showParticleSystems":true,"showVisualEffectGraphs":true,"m_FxEnabled":true},"in2DMode":false,"pivot":{"x":0.5228046774864197,"y":1.5592061281204224,"z":-2.1611204147338869},"rotation":{"x":-0.009908230975270272,"y":0.7995410561561585,"z":-0.6004021167755127,"w":-0.013197704218327999},"size":2.344409227371216,"orthographic":true}