{"cameraMode":{"drawMode":0,"name":"Shaded","section":"Shading Mode"},"sceneLighting":false,"audioPlay":false,"sceneViewState":{"m_AlwaysRefresh":false,"showFog":true,"showSkybox":false,"showFlares":true,"showImageEffects":true,"showParticleSystems":true,"showVisualEffectGraphs":true,"m_FxEnabled":true},"in2DMode":false,"pivot":{"x":0.11973262578248978,"y":1.9816268682479859,"z":-2.4552910327911379},"rotation":{"x":-0.009908230975270272,"y":0.7995410561561585,"z":-0.6004021167755127,"w":-0.013197704218327999},"size":0.37355703115463259,"orthographic":true}