{"cameraMode":{"drawMode":0,"name":"Shaded","section":"Shading Mode"},"sceneLighting":false,"audioPlay":false,"sceneViewState":{"m_AlwaysRefresh":false,"showFog":true,"showSkybox":false,"showFlares":true,"showImageEffects":true,"showParticleSystems":true,"showVisualEffectGraphs":true,"m_FxEnabled":true},"in2DMode":false,"pivot":{"x":-0.3085571229457855,"y":0.900291919708252,"z":-0.47386205196380618},"rotation":{"x":-0.3221932649612427,"y":0.40519148111343386,"z":-0.15515998005867005,"w":-0.8414013385772705},"size":0.7939475774765015,"orthographic":false}