{"cameraMode":{"drawMode":0,"name":"Shaded","section":"Shading Mode"},"sceneLighting":false,"audioPlay":false,"sceneViewState":{"m_AlwaysRefresh":false,"showFog":true,"showSkybox":false,"showFlares":true,"showImageEffects":true,"showParticleSystems":true,"showVisualEffectGraphs":true,"m_FxEnabled":true},"in2DMode":false,"pivot":{"x":-0.015083163976669312,"y":1.0099163055419922,"z":2.0851070880889894},"rotation":{"x":0.09316571801900864,"y":0.002089797519147396,"z":-0.00019823051115963608,"w":0.9956623911857605},"size":1.8463735580444337,"orthographic":false}