{"cameraMode":{"drawMode":0,"name":"Shaded","section":"Shading Mode"},"sceneLighting":false,"audioPlay":false,"sceneViewState":{"m_AlwaysRefresh":false,"showFog":true,"showSkybox":false,"showFlares":true,"showImageEffects":true,"showParticleSystems":true,"showVisualEffectGraphs":true,"m_FxEnabled":true},"in2DMode":false,"pivot":{"x":0.13360810279846192,"y":1.5453696250915528,"z":5.960464477539063e-8},"rotation":{"x":0.06191273778676987,"y":-0.7219730615615845,"z":0.06515364348888397,"w":0.6860604882240295},"size":0.711259126663208,"orthographic":false}