{"cameraMode":{"drawMode":0,"name":"Shaded","section":"Shading Mode"},"sceneLighting":false,"audioPlay":false,"sceneViewState":{"m_AlwaysRefresh":false,"showFog":true,"showSkybox":false,"showFlares":true,"showImageEffects":true,"showParticleSystems":true,"showVisualEffectGraphs":true,"m_FxEnabled":true},"in2DMode":false,"pivot":{"x":-0.0019152015447616578,"y":0.18275022506713868,"z":0.003513813018798828},"rotation":{"x":-0.0036652598064392807,"y":-0.680165708065033,"z":-0.0034008652437478306,"w":0.7330416440963745},"size":0.3120926320552826,"orthographic":false}