{"cameraMode":{"drawMode":0,"name":"Shaded","section":"Shading Mode"},"sceneLighting":false,"audioPlay":false,"sceneViewState":{"m_AlwaysRefresh":false,"showFog":true,"showSkybox":false,"showFlares":true,"showImageEffects":true,"showParticleSystems":true,"showVisualEffectGraphs":true,"m_FxEnabled":true},"in2DMode":false,"pivot":{"x":0.5361530184745789,"y":0.47003471851348879,"z":-0.6447702646255493},"rotation":{"x":0.09568938612937927,"y":-0.8516446948051453,"z":0.1671401560306549,"w":0.48750221729278567},"size":1.4471840858459473,"orthographic":false}