{"cameraMode":{"drawMode":0,"name":"Shaded","section":"Shading Mode"},"sceneLighting":false,"audioPlay":false,"sceneViewState":{"m_AlwaysRefresh":false,"showFog":true,"showSkybox":false,"showFlares":true,"showImageEffects":true,"showParticleSystems":true,"showVisualEffectGraphs":true,"m_FxEnabled":true},"in2DMode":false,"pivot":{"x":-0.22632557153701783,"y":0.42626839876174929,"z":0.7195088863372803},"rotation":{"x":0.08832582831382752,"y":-0.7998117804527283,"z":0.12152532488107681,"w":0.5811922550201416},"size":0.9871761202812195,"orthographic":false}