{"cameraMode":{"drawMode":0,"name":"Shaded","section":"Shading Mode"},"sceneLighting":false,"audioPlay":false,"sceneViewState":{"m_AlwaysRefresh":false,"showFog":true,"showSkybox":false,"showFlares":true,"showImageEffects":true,"showParticleSystems":true,"showVisualEffectGraphs":true,"m_FxEnabled":true},"in2DMode":false,"pivot":{"x":0.20676657557487489,"y":0.43970155715942385,"z":0.25372445583343508},"rotation":{"x":0.04193459823727608,"y":-0.9199116826057434,"z":0.10252974927425385,"w":0.37619858980178835},"size":0.8936702609062195,"orthographic":false}