{"cameraMode":{"drawMode":0,"name":"Shaded","section":"Shading Mode"},"sceneLighting":false,"audioPlay":false,"sceneViewState":{"m_AlwaysRefresh":false,"showFog":true,"showSkybox":false,"showFlares":true,"showImageEffects":true,"showParticleSystems":true,"showVisualEffectGraphs":true,"m_FxEnabled":true},"in2DMode":false,"pivot":{"x":-0.2959665060043335,"y":0.5234197974205017,"z":-0.04564482718706131},"rotation":{"x":0.04710166156291962,"y":-0.865145742893219,"z":0.0826839730143547,"w":0.4924766421318054},"size":1.0646719932556153,"orthographic":false}