{"cameraMode":{"drawMode":0,"name":"Shaded","section":"Shading Mode"},"sceneLighting":false,"audioPlay":false,"sceneViewState":{"m_AlwaysRefresh":false,"showFog":true,"showSkybox":false,"showFlares":true,"showImageEffects":true,"showParticleSystems":true,"showVisualEffectGraphs":true,"m_FxEnabled":true},"in2DMode":false,"pivot":{"x":0.583660900592804,"y":1.6486114263534547,"z":0.5826272964477539},"rotation":{"x":0.14367754757404328,"y":-0.0409584641456604,"z":0.005951606202870607,"w":0.9887655973434448},"size":0.9969460368156433,"orthographic":false}