{"cameraMode":{"drawMode":0,"name":"Shaded","section":"Shading Mode"},"sceneLighting":false,"audioPlay":false,"sceneViewState":{"m_AlwaysRefresh":false,"showFog":false,"showSkybox":false,"showFlares":false,"showImageEffects":false,"showParticleSystems":false,"showVisualEffectGraphs":true,"m_FxEnabled":true},"in2DMode":false,"pivot":{"x":7.152557373046875e-7,"y":2.9802322387695315e-8,"z":-7.152557373046875e-7},"rotation":{"x":-0.005002903286367655,"y":-0.9919155240058899,"z":0.11990378797054291,"w":-0.04139065369963646},"size":1.2533442974090577,"orthographic":false}