{"cameraMode":{"drawMode":0,"name":"Shaded","section":"Shading Mode"},"sceneLighting":false,"audioPlay":false,"sceneViewState":{"m_AlwaysRefresh":false,"showFog":true,"showSkybox":false,"showFlares":true,"showImageEffects":true,"showParticleSystems":true,"showVisualEffectGraphs":true,"m_FxEnabled":true},"in2DMode":false,"pivot":{"x":-0.29946136474609377,"y":1.5782082080841065,"z":0.9593303203582764},"rotation":{"x":0.07949384301900864,"y":0.2979203760623932,"z":-0.02490438148379326,"w":0.950952410697937},"size":1.6789774894714356,"orthographic":false}