{"cameraMode":{"drawMode":0,"name":"Shaded","section":"Shading Mode"},"sceneLighting":false,"audioPlay":false,"sceneViewState":{"m_AlwaysRefresh":false,"showFog":true,"showSkybox":false,"showFlares":true,"showImageEffects":true,"showParticleSystems":true,"showVisualEffectGraphs":true,"m_FxEnabled":true},"in2DMode":false,"pivot":{"x":-0.24049431085586549,"y":1.768073320388794,"z":-2.0841469764709474},"rotation":{"x":0.014222757890820504,"y":-0.9674116969108582,"z":0.05578196421265602,"w":0.2466045320034027},"size":0.6210973858833313,"orthographic":true}