{"cameraMode":{"drawMode":0,"name":"Shaded","section":"Shading Mode"},"sceneLighting":false,"audioPlay":false,"sceneViewState":{"m_AlwaysRefresh":false,"showFog":true,"showSkybox":false,"showFlares":true,"showImageEffects":true,"showParticleSystems":true,"showVisualEffectGraphs":true,"m_FxEnabled":true},"in2DMode":false,"pivot":{"x":7.438975811004639,"y":-0.2827122211456299,"z":4.418972969055176},"rotation":{"x":0.3296744227409363,"y":0.015012216754257679,"z":-0.0052434843964874748,"w":0.9439693093299866},"size":7.723649024963379,"orthographic":false}