{"cameraMode":{"drawMode":0,"name":"Shaded","section":"Shading Mode"},"sceneLighting":false,"audioPlay":false,"sceneViewState":{"m_AlwaysRefresh":false,"showFog":true,"showSkybox":false,"showFlares":true,"showImageEffects":true,"showParticleSystems":true,"showVisualEffectGraphs":true,"m_FxEnabled":true},"in2DMode":false,"pivot":{"x":132.05645751953126,"y":431.4354248046875,"z":194.98521423339845},"rotation":{"x":0.12864245474338532,"y":-0.0014876625500619412,"z":0.00019292808428872377,"w":0.9916899800300598},"size":197.48541259765626,"orthographic":false}