{"cameraMode":{"drawMode":0,"name":"Shaded","section":"Shading Mode"},"sceneLighting":false,"audioPlay":false,"sceneViewState":{"m_AlwaysRefresh":false,"showFog":true,"showSkybox":false,"showFlares":true,"showImageEffects":true,"showParticleSystems":true,"showVisualEffectGraphs":true,"m_FxEnabled":true},"in2DMode":false,"pivot":{"x":2.89534068107605,"y":3.0305192470550539,"z":-0.05232727527618408},"rotation":{"x":0.07111900299787522,"y":-0.6089812517166138,"z":0.05495677515864372,"w":0.7880784273147583},"size":2.4382741451263429,"orthographic":true}