{"cameraMode":{"drawMode":0,"name":"Shaded","section":"Shading Mode"},"sceneLighting":false,"audioPlay":false,"sceneViewState":{"m_AlwaysRefresh":false,"showFog":true,"showSkybox":false,"showFlares":true,"showImageEffects":true,"showParticleSystems":true,"showVisualEffectGraphs":true,"m_FxEnabled":true},"in2DMode":false,"pivot":{"x":1.6151119470596314,"y":0.4667072296142578,"z":3.591869831085205},"rotation":{"x":0.27163511514663699,"y":-0.006351757794618607,"z":0.0017926560249179602,"w":0.9623796939849854},"size":4.357342720031738,"orthographic":false}