{"cameraMode":{"drawMode":0,"name":"Shaded","section":"Shading Mode"},"sceneLighting":false,"audioPlay":false,"sceneViewState":{"m_AlwaysRefresh":false,"showFog":true,"showSkybox":false,"showFlares":true,"showImageEffects":true,"showParticleSystems":true,"showVisualEffectGraphs":true,"m_FxEnabled":true},"in2DMode":false,"pivot":{"x":-6.477096080780029,"y":-64.14958190917969,"z":124.82879638671875},"rotation":{"x":0.23809605836868287,"y":-0.038449302315711978,"z":0.009433388710021973,"w":0.9704352021217346},"size":72.56476593017578,"orthographic":false}