{"cameraMode":{"drawMode":0,"name":"Shaded","section":"Shading Mode"},"sceneLighting":false,"audioPlay":false,"sceneViewState":{"m_AlwaysRefresh":false,"showFog":true,"showSkybox":false,"showFlares":true,"showImageEffects":true,"showParticleSystems":true,"showVisualEffectGraphs":true,"m_FxEnabled":true},"in2DMode":false,"pivot":{"x":-1.6054339408874512,"y":2.1797988414764406,"z":1.6494355201721192},"rotation":{"x":0.6842626333236694,"y":-0.002625358523800969,"z":0.002463323762640357,"w":0.7292278409004211},"size":8.908830642700196,"orthographic":true}