{"cameraMode":{"drawMode":0,"name":"Shaded","section":"Shading Mode"},"sceneLighting":false,"audioPlay":false,"sceneViewState":{"m_AlwaysRefresh":false,"showFog":true,"showSkybox":false,"showFlares":true,"showImageEffects":true,"showParticleSystems":true,"showVisualEffectGraphs":true,"m_FxEnabled":true},"in2DMode":false,"pivot":{"x":0.7226639986038208,"y":-1.1775221824645997,"z":3.9204883575439455},"rotation":{"x":0.3296744227409363,"y":0.015012216754257679,"z":-0.0052434843964874748,"w":0.9439693093299866},"size":4.668206214904785,"orthographic":false}