{"cameraMode":{"drawMode":0,"name":"Shaded","section":"Shading Mode"},"sceneLighting":false,"audioPlay":false,"sceneViewState":{"m_AlwaysRefresh":false,"showFog":true,"showSkybox":false,"showFlares":true,"showImageEffects":true,"showParticleSystems":true,"showVisualEffectGraphs":true,"m_FxEnabled":true},"in2DMode":false,"pivot":{"x":77.04373168945313,"y":93.78730773925781,"z":-87.53669738769531},"rotation":{"x":0.3296744227409363,"y":0.015012216754257679,"z":-0.0052434843964874748,"w":0.9439693093299866},"size":193.62762451171876,"orthographic":false}